/*
Navicat MySQL Data Transfer

Source Server         : 本地
Source Server Version : 80012
Source Host           : localhost:3306
Source Database       : stars

Target Server Type    : MYSQL
Target Server Version : 80012
File Encoding         : 65001

Date: 2018-09-28 18:00:03
*/

SET FOREIGN_KEY_CHECKS=0;

-- ----------------------------
-- Table structure for admin
-- ----------------------------
DROP TABLE IF EXISTS `admin`;
CREATE TABLE `admin` (
  `id` int(2) NOT NULL AUTO_INCREMENT,
  `password` varchar(15) NOT NULL,
  PRIMARY KEY (`id`)
) ENGINE=InnoDB DEFAULT CHARSET=utf8;

-- ----------------------------
-- Records of admin
-- ----------------------------

-- ----------------------------
-- Table structure for forum
-- ----------------------------
DROP TABLE IF EXISTS `forum`;
CREATE TABLE `forum` (
  `id` int(2) NOT NULL AUTO_INCREMENT,
  `name` varchar(20) NOT NULL,
  `introduction` text,
  `views` int(15) DEFAULT NULL,
  `url_view` varchar(255) CHARACTER SET utf8 COLLATE utf8_general_ci DEFAULT NULL,
  `url_after` varchar(255) DEFAULT NULL,
  PRIMARY KEY (`id`)
) ENGINE=InnoDB AUTO_INCREMENT=4 DEFAULT CHARSET=utf8;

-- ----------------------------
-- Records of forum
-- ----------------------------
INSERT INTO `forum` VALUES ('1', '科普讨论', '一个很厉害的版块', '1222344', '/view/science', '/after/science');
INSERT INTO `forum` VALUES ('2', '摄影天地', '一个很漂亮的版块', '3212111', '/view/photograph', '/after/photograph');
INSERT INTO `forum` VALUES ('3', '电影宇宙', '一个很好看的版块', '11112225', '/view/movie', '/after/science');

-- ----------------------------
-- Table structure for reply_thread
-- ----------------------------
DROP TABLE IF EXISTS `reply_thread`;
CREATE TABLE `reply_thread` (
  `id` int(20) NOT NULL AUTO_INCREMENT,
  `from_uid` int(6) DEFAULT NULL,
  `to_uid` int(6) DEFAULT NULL,
  `tid` int(9) DEFAULT NULL,
  `content` text,
  `num` int(9) DEFAULT NULL,
  `time` datetime DEFAULT NULL,
  PRIMARY KEY (`id`),
  KEY `uid` (`from_uid`),
  KEY `tid` (`tid`),
  KEY `reply_thread_ibfk_13` (`to_uid`),
  CONSTRAINT `reply_thread_ibfk_1` FOREIGN KEY (`from_uid`) REFERENCES `user` (`id`),
  CONSTRAINT `reply_thread_ibfk_2` FOREIGN KEY (`tid`) REFERENCES `thread` (`id`)
) ENGINE=InnoDB AUTO_INCREMENT=133 DEFAULT CHARSET=utf8;

-- ----------------------------
-- Records of reply_thread
-- ----------------------------
INSERT INTO `reply_thread` VALUES ('91', '4', '0', '22', '你好呀搜索', '1', '2018-09-27 15:49:45');
INSERT INTO `reply_thread` VALUES ('95', '5', '0', '22', '评论测试5', '1', '2018-09-27 15:57:52');
INSERT INTO `reply_thread` VALUES ('97', '5', '0', '22', '评论测试4', '1', '2018-09-27 15:58:00');
INSERT INTO `reply_thread` VALUES ('110', '5', '0', '22', '你好呀搜索', '0', '2018-09-27 17:47:13');
INSERT INTO `reply_thread` VALUES ('111', '6', '0', '22', '评论测试', '0', '2018-09-28 09:07:05');
INSERT INTO `reply_thread` VALUES ('112', '6', '0', '22', '你好呀搜索', '0', '2018-09-28 09:18:41');
INSERT INTO `reply_thread` VALUES ('113', '6', '5', '22', '这条是回复', '0', '2018-09-28 09:29:41');
INSERT INTO `reply_thread` VALUES ('114', '5', '0', '22', '你好呀搜索', '0', '2018-09-28 10:24:32');
INSERT INTO `reply_thread` VALUES ('115', '5', '0', '21', '评论测试4', '0', '2018-09-28 10:37:14');
INSERT INTO `reply_thread` VALUES ('116', '5', '0', '21', '回复测试1', '0', '2018-09-28 10:46:02');
INSERT INTO `reply_thread` VALUES ('117', '5', '5', '21', '回复测试1', '0', '2018-09-28 10:46:16');
INSERT INTO `reply_thread` VALUES ('118', '5', '5', '21', '回复测试1', '0', '2018-09-28 10:46:36');
INSERT INTO `reply_thread` VALUES ('119', '5', '5', '21', '评论测试5', '0', '2018-09-28 10:56:37');
INSERT INTO `reply_thread` VALUES ('120', '5', '5', '21', '评论测试4', '0', '2018-09-28 10:57:40');
INSERT INTO `reply_thread` VALUES ('121', '5', '5', '21', '评论测试4', '0', '2018-09-28 10:58:22');
INSERT INTO `reply_thread` VALUES ('122', '5', '5', '21', '评论测试4', '0', '2018-09-28 11:00:49');
INSERT INTO `reply_thread` VALUES ('123', '5', '5', '21', '你好呀搜索', '0', '2018-09-28 11:03:22');
INSERT INTO `reply_thread` VALUES ('124', '5', '5', '21', '评论测试4', '0', '2018-09-28 11:04:36');
INSERT INTO `reply_thread` VALUES ('125', '5', '5', '21', '评论测试5', '0', '2018-09-28 11:04:40');
INSERT INTO `reply_thread` VALUES ('126', '5', '6', '22', '评论测试4', '0', '2018-09-28 11:16:55');
INSERT INTO `reply_thread` VALUES ('127', '5', '6', '22', '评论测试', '0', '2018-09-28 11:17:03');
INSERT INTO `reply_thread` VALUES ('128', '6', '0', '1', '评论测试', '0', '2018-09-28 11:30:12');
INSERT INTO `reply_thread` VALUES ('129', '5', '0', '7', '真是强啊！', '1', '2018-09-28 15:32:08');
INSERT INTO `reply_thread` VALUES ('130', '5', '5', '7', '自己给自己回复', '0', '2018-09-28 15:32:28');

-- ----------------------------
-- Table structure for thread
-- ----------------------------
DROP TABLE IF EXISTS `thread`;
CREATE TABLE `thread` (
  `id` int(9) NOT NULL AUTO_INCREMENT,
  `uid` int(6) DEFAULT NULL,
  `fid` int(2) DEFAULT NULL,
  `title` varchar(80) NOT NULL,
  `content` text,
  `reply_num` int(10) DEFAULT NULL,
  `views` int(10) DEFAULT NULL,
  `time` datetime DEFAULT NULL,
  PRIMARY KEY (`id`),
  KEY `uid` (`uid`),
  KEY `fid` (`fid`),
  CONSTRAINT `thread_ibfk_1` FOREIGN KEY (`uid`) REFERENCES `user` (`id`),
  CONSTRAINT `thread_ibfk_2` FOREIGN KEY (`fid`) REFERENCES `forum` (`id`)
) ENGINE=InnoDB AUTO_INCREMENT=26 DEFAULT CHARSET=utf8;

-- ----------------------------
-- Records of thread
-- ----------------------------
INSERT INTO `thread` VALUES ('1', '6', '1', '霍金在物理学科学家中到底有多高的地位？可以和爱因斯坦，牛顿这些人相提并论吗？', '<div>作者：蚕茧123<br>链接：https://www.zhihu.com/question/28271703/answer/294818051<br>来源：知乎<br>著作权归作者所有。商业转载请联系作者获得授权，非商业转载请注明出处。<br><br><div>物理学是这样的。<br>阿基米德开凿了一个山洞，可以住人。<br>伽利略觉得山洞太简陋了，他挖了一个坑，想盖房子。<br>牛顿包工头，带着开普勒，胡克，笛卡尔等一群小弟打下了地基。<br>后面几百年，包括法拉第在内的一群物理学家盖了一座看起来漂亮而完美的房子。<br>然后开尔文说房子盖完了，大家都去住吧，已经完美了，物理学家没事干了，就是天怎么不晴啊，头上还有两片乌云？<br>结果乌云的制造者麦克斯韦劈下两道闪电，房子塌了。麦克斯韦说，盖尼玛的房子，眼光能长远点吗？「其实乌云不是麦克斯韦制造的，但是麦克斯韦方程组预言了光速不变，作为物理学的老四，必须给他个霸气的工作，也就是拆房子」<br>于是包工头爱因斯坦出现了，他先带领洛伦兹等小弟，盖了一层楼「狭义相对论」，后来他小弟都不用了，自己往上一个人盖了一整栋楼！这栋楼盖好了没装修，后面的科学家，什么史瓦西啊，霍金啊，都是在爱因斯坦这栋楼上搞装修的，霍金大概装了一面墙。<br>与爱因斯坦同时代，普朗克，波尔，海森堡等人，哦，还有爱因斯坦，他们盖了另一栋楼，也就是量子力学，这些人合力盖的，没有包工头，这栋楼现在看起来似乎更牛逼，而杨振宁，在这栋楼里打了一个电梯井，用标准模型贯通了这栋楼。<br>所以杨振宁跟霍金就好判断谁高谁低了，一个装修了墙，一个打了电梯井，至于跟盖楼的爱因斯坦和打地基的牛顿，就别提了吧。<br>后来人们发现两栋楼连不起来，威滕这些人就用弦在那里搭桥，目前看来只是一道彩虹桥，不能走人，未来就不一定了，也许彩虹桥就是真理呢<br>______<br>缅怀霍金大师，没想到以前的一个回答忽然就火了，收到很多私信举报抄袭我回答的，也有编辑问是否可以转载的，感谢知乎的知识产权氛围。答主其实一个小说作者，对有正版意识的人总是怀着敬畏和感恩之心的。<br>如果转载的话，请注明作者:蚕茧里的牛，好吧，这是我写小说的笔名，有点傻。<br>----<br>写这个回答的时候没有想到霍金大师突然就会离世了，印象里他虽然很不健康，但总觉的他会活得跟温伯格，甚至杨振宁一样久，霍金先生创造了物理学的一个奇迹，把艰涩的科普时间简史写成了哈利波特，让很多人进入了物理的殿堂。</div></div>', '3214', '0', '2018-09-18 16:24:16');
INSERT INTO `thread` VALUES ('2', '6', '1', '霍金在物理学科学家中到底有多高的地位？可以和爱因斯坦，牛顿这些人相提并论吗？', '<div>作者：蚕茧123<br>链接：https://www.zhihu.com/question/28271703/answer/294818051<br>来源：知乎<br>著作权归作者所有。商业转载请联系作者获得授权，非商业转载请注明出处。<br><br><div>物理学是这样的。<br>阿基米德开凿了一个山洞，可以住人。<br>伽利略觉得山洞太简陋了，他挖了一个坑，想盖房子。<br>牛顿包工头，带着开普勒，胡克，笛卡尔等一群小弟打下了地基。<br>后面几百年，包括法拉第在内的一群物理学家盖了一座看起来漂亮而完美的房子。<br>然后开尔文说房子盖完了，大家都去住吧，已经完美了，物理学家没事干了，就是天怎么不晴啊，头上还有两片乌云？<br>结果乌云的制造者麦克斯韦劈下两道闪电，房子塌了。麦克斯韦说，盖尼玛的房子，眼光能长远点吗？「其实乌云不是麦克斯韦制造的，但是麦克斯韦方程组预言了光速不变，作为物理学的老四，必须给他个霸气的工作，也就是拆房子」<br>于是包工头爱因斯坦出现了，他先带领洛伦兹等小弟，盖了一层楼「狭义相对论」，后来他小弟都不用了，自己往上一个人盖了一整栋楼！这栋楼盖好了没装修，后面的科学家，什么史瓦西啊，霍金啊，都是在爱因斯坦这栋楼上搞装修的，霍金大概装了一面墙。<br>与爱因斯坦同时代，普朗克，波尔，海森堡等人，哦，还有爱因斯坦，他们盖了另一栋楼，也就是量子力学，这些人合力盖的，没有包工头，这栋楼现在看起来似乎更牛逼，而杨振宁，在这栋楼里打了一个电梯井，用标准模型贯通了这栋楼。<br>所以杨振宁跟霍金就好判断谁高谁低了，一个装修了墙，一个打了电梯井，至于跟盖楼的爱因斯坦和打地基的牛顿，就别提了吧。<br>后来人们发现两栋楼连不起来，威滕这些人就用弦在那里搭桥，目前看来只是一道彩虹桥，不能走人，未来就不一定了，也许彩虹桥就是真理呢<br>______<br>缅怀霍金大师，没想到以前的一个回答忽然就火了，收到很多私信举报抄袭我回答的，也有编辑问是否可以转载的，感谢知乎的知识产权氛围。答主其实一个小说作者，对有正版意识的人总是怀着敬畏和感恩之心的。<br>如果转载的话，请注明作者:蚕茧里的牛，好吧，这是我写小说的笔名，有点傻。<br>----<br>写这个回答的时候没有想到霍金大师突然就会离世了，印象里他虽然很不健康，但总觉的他会活得跟温伯格，甚至杨振宁一样久，霍金先生创造了物理学的一个奇迹，把艰涩的科普时间简史写成了哈利波特，让很多人进入了物理的殿堂。</div></div>', '1111', '3124', '2018-09-18 16:30:57');
INSERT INTO `thread` VALUES ('3', '6', '1', '霍金在物理学科学家中到底有多高的地位？可以和爱因斯坦，牛顿这些人相提并论吗？', '<p>说车说超出2</p>', '4444', '333', '2018-09-18 16:38:34');
INSERT INTO `thread` VALUES ('4', '6', '1', '霍金在物理学科学家中到底有多高的地位？可以和爱因斯坦，牛顿这些人相提并论吗？', '<p>我哈哈哈哈啊哈哈哈11</p>', '123214', '2223', '2018-09-18 16:53:58');
INSERT INTO `thread` VALUES ('5', '6', '1', '霍金在物理学科学家中到底有多高的地位？可以和爱因斯坦，牛顿这些人相提并论吗？', '<p>放放水豆腐坊豆腐坊时</p>', '12323', '124', '2018-09-18 16:55:32');
INSERT INTO `thread` VALUES ('6', '6', '1', '霍金在物理学科学家中到底有多高的地位？可以和爱因斯坦，牛顿这些人相提并论吗？', '<p>发生的发高烧高斯光束该</p>', '111123', '41424', '2018-09-18 16:56:19');
INSERT INTO `thread` VALUES ('7', '5', '1', '宇宙已经 140 亿岁了，多少文明存在又消亡过，为何没有文明进化到可以星际旅行，通过虫洞找到我们？', '<div>作者：土豆泥<br>链接：https://www.zhihu.com/question/28897303/answer/98393973<br>来源：知乎<br>著作权归作者所有。商业转载请联系作者获得授权，非商业转载请注明出处。<br><br><div><p>题主的问题可以归于两个比较有名的思考：</p><p>费米悖论和大沉默</p><p>~~~~~~~~~~~~~~~~~~~~~~~~~~~~~~~~~~~~~~~~~~~~~~~~~~~~~~~~~~~~~~~~~~~~~~~~</p><p>费米悖论：</p><blockquote><p><b>费米悖论</b>（<b>Fermi\r\nparadox</b>，又称<b>费米谬论</b>）阐述的是对<a href=\"https://link.zhihu.com/?target=https%3A//zh.wikipedia.org/wiki/%25E5%259C%25B0%25E5%25A4%2596%25E6%2596%2587%25E6%2598%258E\" target=\"_blank\" rel=\"nofollow noreferrer\">地外文明</a>存在性的过高估计和缺少相关证据之间的矛盾。 <a href=\"https://link.zhihu.com/?target=https%3A//zh.wikipedia.org/wiki/%25E5%25AE%2587%25E5%25AE%2599%25E7%259A%2584%25E5%25B9%25B4%25E9%25BE%2584\" target=\"_blank\" rel=\"nofollow noreferrer\">宇宙惊人的年龄</a>和庞大的星体数量意味着，除非地球是一个特殊的例子，否则地外生命应该广泛存在。在1950年的一次非正式讨论中，<a href=\"https://link.zhihu.com/?target=https%3A//zh.wikipedia.org/wiki/%25E7%2589%25A9%25E7%2590%2586%25E5%25AD%25A6%25E5%25AE%25B6\" target=\"_blank\" rel=\"nofollow noreferrer\">物理学家</a><a href=\"https://link.zhihu.com/?target=https%3A//zh.wikipedia.org/wiki/%25E6%2581%25A9%25E9%2587%258C%25E7%25A7%2591%25C2%25B7%25E8%25B4%25B9%25E7%25B1%25B3\" target=\"_blank\" rel=\"nofollow noreferrer\">恩里科·费米</a>问道，如果<a href=\"https://link.zhihu.com/?target=https%3A//zh.wikipedia.org/wiki/%25E9%2593%25B6%25E6%25B2%25B3%25E7%25B3%25BB\" target=\"_blank\" rel=\"nofollow noreferrer\">银河系</a>存在大量先进的地外文明，那么为什么连<a href=\"https://link.zhihu.com/?target=https%3A//zh.wikipedia.org/wiki/%25E9%25A3%259E%25E8%2588%25B9\" target=\"_blank\" rel=\"nofollow noreferrer\">飞船</a>或者<a href=\"https://link.zhihu.com/?target=https%3A//zh.wikipedia.org/wiki/%25E6%258E%25A2%25E6%25B5%258B%25E5%2599%25A8\" target=\"_blank\" rel=\"nofollow noreferrer\">探测器</a>之类的证据都看不到。对这个话题更加具体的探讨最早出现在1975年<a href=\"https://link.zhihu.com/?target=https%3A//zh.wikipedia.org/wiki/%25E8%25BF%2588%25E5%2585%258B%25E5%25B0%2594%25C2%25B7H%25C2%25B7%25E5%2593%2588%25E7%2589%25B9\" target=\"_blank\" rel=\"nofollow noreferrer\">麦克·哈特</a>的文章中，有时也被叫做<b>麦克</b><b>·</b><b>哈特悖论</b>。</p><p>所以费米悖论讲述的是有关尺度和概率的论点和稀缺的证据之间的矛盾，即宇宙显著的尺度和年龄意味着高等地外文明应该存在。</p></blockquote><p>引自<a href=\"https://link.zhihu.com/?target=https%3A//en.wikipedia.org/wiki/Fermi_paradox\" target=\"_blank\" rel=\"nofollow noreferrer\">Fermi paradox</a></p><p>下面利用两个个非常精良的油管视频来展开费米悖论，<b>各位读者爆米花准备，别忘了请开着Wi-Fi哦：</b></p><p><b>费米悖论Part 1（内容简介）：</b></p><p><a href=\"https://link.zhihu.com/?target=https%3A//www.youtube.com/watch%3Fv%3DsNhhvQGsMEc\" target=\"_blank\" rel=\"nofollow noreferrer\">https://www.youtube.com/watch?v=sNhhvQGsMEc</a></p><p>可观测宇宙的直径大约有900亿光年。至少有1000亿个星系，每个星系拥有大概1000亿到10000亿颗恒星。</p><figure><noscript><img src=\"https://pic3.zhimg.com/50/d4202f9efa3d0f7ee5674159cb7f9444_b.jpg\" width=\"1281\"></noscript><img src=\"https://pic3.zhimg.com/80/d4202f9efa3d0f7ee5674159cb7f9444_hd.jpg\" width=\"1281\"></figure><p>最近，我们已经了解到，行星是非常普遍的。我们的宇宙中可能有上万亿的适宜居住的行星。</p><figure><noscript><img src=\"https://pic2.zhimg.com/50/a20441426c9605c0e47ab5e0fe54d66e_b.jpg\" width=\"638\"></noscript><img src=\"https://pic2.zhimg.com/80/a20441426c9605c0e47ab5e0fe54d66e_hd.jpg\" width=\"638\"></figure><p>这意味着生命存在和发展的机会很大，不是吗？但它在哪里呢？难道宇宙中不是应该充满宇宙飞船和星空战舰吗？让我们退一步想想。</p><figure><noscript><img src=\"https://pic2.zhimg.com/50/182ed73ca9b2ece45a3512f3046a869f_b.jpg\" width=\"1280\"></noscript><img src=\"https://pic2.zhimg.com/80/182ed73ca9b2ece45a3512f3046a869f_hd.jpg\" width=\"1280\"></figure><p>即使有其他星系存在外星文明，我们完全没有办法知道他们的存在。就我们所知，银河系和近邻星团被称为“本星系群”(the local\r\ngroup)，所有在这之外的星系我们基本上永远不会接触到，这是因为我们的宇宙在膨胀（这个我在这个回答<a href=\"https://www.zhihu.com/question/20129172/answer/94543961\">为什么宇宙的年龄是 130 亿年，而我们却能看到 470 亿光年远的东西？ - 土豆泥的回答</a>里有简要阐述）。</p><figure><noscript><img src=\"https://pic4.zhimg.com/50/824ed9ee1a6ca2c044d90af29d9fcf1a_b.jpg\" width=\"641\"></noscript><img src=\"https://pic4.zhimg.com/80/824ed9ee1a6ca2c044d90af29d9fcf1a_hd.jpg\" width=\"641\"></figure><p>即使我们有非常快的飞船，说起来也要花好几亿年的时间才能穿过宇宙中最空旷的地方到达本星系群之外的星系。</p><figure><noscript><img src=\"https://pic4.zhimg.com/50/6c329565a1fb1845cd40610992032d02_b.jpg\" width=\"642\"></noscript><img src=\"https://pic4.zhimg.com/80/6c329565a1fb1845cd40610992032d02_hd.jpg\" width=\"642\"></figure><p>所以，我们把注意力放在银河系上。银河系是我们的家园，它包含了多达4千亿颗恒星。整个可观测宇宙的恒星数量之多，大约是地球上的每一粒沙子可以对应其中的一万颗恒星。</p><figure><noscript><img src=\"https://pic4.zhimg.com/50/51adcda5aa62024aa6c8636c679df57f_b.jpg\" width=\"1279\"></noscript><img src=\"https://pic4.zhimg.com/80/51adcda5aa62024aa6c8636c679df57f_hd.jpg\" width=\"1279\"></figure><p>在银河系中，大约有200亿颗跟太阳相似的恒星。估算表明这些恒星中有五分之一有处在宜居带的类地行星。宜居带就是恒星周围适合生命存在的轨道区域。</p><figure><noscript><img src=\"https://pic4.zhimg.com/50/81f9ceaabf17f6ed7424c1fc12c1e611_b.jpg\" width=\"1281\"></noscript><img src=\"https://pic4.zhimg.com/80/81f9ceaabf17f6ed7424c1fc12c1e611_hd.jpg\" width=\"1281\"></figure><p>假设这些行星中只有0.1%有生命，那么整个银河系中有100万的行星上会有生命存在（参考德雷克方程，<a href=\"https://link.zhihu.com/?target=https%3A//en.wikipedia.org/wiki/Drake_equation\" target=\"_blank\" rel=\"nofollow noreferrer\">https://en.wikipedia.org/wiki/Drake_equation</a>）。</p><figure><noscript><img src=\"https://pic1.zhimg.com/50/d7229d21c4ee7e788dab11a5abf71b03_b.jpg\" width=\"640\"></noscript><img src=\"https://pic1.zhimg.com/80/d7229d21c4ee7e788dab11a5abf71b03_hd.jpg\" width=\"640\"></figure><p></p><p>等等，银河系大约有130亿年的历史，最开始的时候，银河系并不是一个适合生命存在的地方，这是因为很多东西在爆炸，但是，在银河系诞生后的10到20亿年，第一颗宜居行星就会诞生了。</p><figure><noscript><img src=\"https://pic1.zhimg.com/50/0bfb56276bed3bc1febb7a8a09190f80_b.jpg\" width=\"640\"></noscript><img src=\"https://pic1.zhimg.com/80/0bfb56276bed3bc1febb7a8a09190f80_hd.jpg\" width=\"640\"></figure><p></p><p>地球只有40亿年的历史，所以有数不尽的可能性，生命在其它的行星上也诞生了。</p><figure><noscript><img src=\"https://pic4.zhimg.com/50/90286a9f658fdc3914f8c76c01a56d8e_b.jpg\" width=\"640\"></noscript><img src=\"https://pic4.zhimg.com/80/90286a9f658fdc3914f8c76c01a56d8e_hd.jpg\" width=\"640\"></figure><p></p><p>即使只有一种生命发展出了太空旅行的科技文明，我们现在就已经注意到他们了，或者我们就已经被注意到了。那么，这样的科技文明是什么样的呢？</p><figure><noscript><img src=\"https://pic4.zhimg.com/50/745fa3238c5baaada5ea20926fa1a8a3_b.jpg\" width=\"640\"></noscript><img src=\"https://pic4.zhimg.com/80/745fa3238c5baaada5ea20926fa1a8a3_hd.jpg\" width=\"640\"></figure><p></p><p>我们根据卡尔达肖夫指数（<a href=\"https://link.zhihu.com/?target=https%3A//en.wikipedia.org/wiki/Kardashev_scale\" target=\"_blank\" rel=\"nofollow noreferrer\">Kardashev scale</a>），把他们分成了三类：</p><p><b>I</b><b>型文明</b></p><p>一个I型的文明可以使用他们星球上所有的能源。</p><figure><noscript><img src=\"https://pic1.zhimg.com/50/eb8799aea587d8caa6a09bb4b2e8324e_b.jpg\" width=\"642\"></noscript><img src=\"https://pic1.zhimg.com/80/eb8799aea587d8caa6a09bb4b2e8324e_hd.jpg\" width=\"642\"></figure><p></p><p>如果你想知道人类目前的状态的话，我们大约处在I型文明的73%左右。在接下来的几百年间，我们应该会达到I型的文明水准。</p><figure><noscript><img src=\"https://pic1.zhimg.com/50/b2d37139a1dd296a69bf7517ba3164f5_b.jpg\" width=\"641\"></noscript><img src=\"https://pic1.zhimg.com/80/b2d37139a1dd296a69bf7517ba3164f5_hd.jpg\" width=\"641\"></figure><p></p><p><b>II</b><b>型文明</b></p><p>II型文明可以使用他们的宿主恒星的所有能源。</p><figure><noscript><img src=\"https://pic4.zhimg.com/50/2601e322b2431f74eba422e907cd4cb0_b.jpg\" width=\"643\"></noscript><img src=\"https://pic4.zhimg.com/80/2601e322b2431f74eba422e907cd4cb0_hd.jpg\" width=\"643\"></figure><p></p><p>实现这些目前可能需要一些科幻，但是原则上是可行的。戴森球就是这样一个可行的概念：一个环绕其恒星的系统结构。</p><figure><noscript><img src=\"https://pic3.zhimg.com/50/c3c6243646f6e736b9cd6fab6138d83d_b.jpg\" width=\"637\"></noscript><img src=\"https://pic3.zhimg.com/80/c3c6243646f6e736b9cd6fab6138d83d_hd.jpg\" width=\"637\"></figure><p></p><p><b>III</b><b>型文明</b></p><p>III型文明基本上可以控制整个星系并使用它的能源。</p><figure><noscript><img src=\"https://pic1.zhimg.com/50/7b909598839cd009b9c0c020231f601d_b.jpg\" width=\"640\"></noscript><img src=\"https://pic1.zhimg.com/80/7b909598839cd009b9c0c020231f601d_hd.jpg\" width=\"640\"></figure><p></p><p>但是为什么我们不能够一开始就看到这样的文明呢？</p><p>如果我们要建造可以承载足够生活几千年人口的飞船，我们可以在200万年之内殖民整个星系。听起来像是一个很长的时间，但是请记住，银河系很大哦。</p><figure><noscript><img src=\"https://pic4.zhimg.com/50/a2150b75d1607928e854f69cbe8f43c2_b.jpg\" width=\"1281\"></noscript><img src=\"https://pic4.zhimg.com/80/a2150b75d1607928e854f69cbe8f43c2_hd.jpg\" width=\"1281\"></figure><p></p><p>所以殖民整个星系需要花费几百万年的时间，而且银河系中可能有不下数十亿的适合生命的行星，这些其它的生命比我们要诞生的早的多，那么，这些外星人都去哪里了呢？</p><figure><noscript><img src=\"https://pic2.zhimg.com/50/58d5be9e0ad38bb8fa2a92ec6c4b48ea_b.jpg\" width=\"640\"></noscript><img src=\"https://pic2.zhimg.com/80/58d5be9e0ad38bb8fa2a92ec6c4b48ea_hd.jpg\" width=\"640\"></figure><p></p><p>这就是费米悖论，并且没有人能给出答案。</p><figure><noscript><img src=\"https://pic4.zhimg.com/50/451783d6c6fce7daf223acf3b953838e_b.jpg\" width=\"641\"></noscript><img src=\"https://pic4.zhimg.com/80/451783d6c6fce7daf223acf3b953838e_hd.jpg\" width=\"641\"></figure><p></p><p>不过，我们有一些猜想。我们来聊聊<strong>大过滤（the great filter）</strong>吧。</p><p>在这个语境中，过滤器指的是生命很难度过的障碍。在很多中情况下，它都显得都很可怕。</p><figure><noscript><img src=\"https://pic3.zhimg.com/50/6c5f8e2c19165310608f2529ba9ff893_b.jpg\" width=\"641\"></noscript><img src=\"https://pic3.zhimg.com/80/6c5f8e2c19165310608f2529ba9ff893_hd.jpg\" width=\"641\"></figure><p></p><p>第一种，存在大过滤器，并且我们已经克服了它们。</p><figure><noscript><img src=\"https://pic1.zhimg.com/50/dd0a0ae268dbc900eede8a6a381abccc_b.jpg\" width=\"642\"></noscript><img src=\"https://pic1.zhimg.com/80/dd0a0ae268dbc900eede8a6a381abccc_hd.jpg\" width=\"642\"></figure><p></p><p>也许复杂的生命发展起来要比我们想象的要难得多。到现在，科学上的生命起源过程都没有完全弄明白，也许这个过程要求的条件非常复杂。</p><figure><noscript><img src=\"https://pic4.zhimg.com/50/28fb64c14f2226990d2fbccf95067dec_b.jpg\" width=\"640\"></noscript><img src=\"https://pic4.zhimg.com/80/28fb64c14f2226990d2fbccf95067dec_hd.jpg\" width=\"640\"></figure><p></p><p>也许过去的宇宙对于生命的形成充满了敌意，只是最近的情况才变得友好，复杂的生命才可以存在。</p><figure><noscript><img src=\"https://pic4.zhimg.com/50/64093237409b9b84b7505f9ec08fca69_b.jpg\" width=\"640\"></noscript><img src=\"https://pic4.zhimg.com/80/64093237409b9b84b7505f9ec08fca69_hd.jpg\" width=\"640\"></figure><p></p><p>这可能意味着我们就是独一无二的，或者是宇宙中的第一批文明——是否是整个宇宙第一个文明就不可知了。</p><figure><noscript><img src=\"https://pic4.zhimg.com/50/0965b5eed230a1a0ae7cd71e0cb9df54_b.jpg\" width=\"640\"></noscript><img src=\"https://pic4.zhimg.com/80/0965b5eed230a1a0ae7cd71e0cb9df54_hd.jpg\" width=\"640\"></figure><p></p><p>第二种，存在大过滤器，而且它们就在我们的前面。</p><figure><noscript><img src=\"https://pic4.zhimg.com/50/dab379e13cab4bc7fe156f7cf4a5c3cc_b.jpg\" width=\"639\"></noscript><img src=\"https://pic4.zhimg.com/80/dab379e13cab4bc7fe156f7cf4a5c3cc_hd.jpg\" width=\"639\"></figure><p></p><p>这一条就真的很可怕了，也许像我们这样水平的生命在宇宙中到处都有，不过到了一个特定的水平，相应的文明就被毁灭了，也许这个过滤器就在我们的前面。</p><figure><noscript><img src=\"https://pic1.zhimg.com/50/1feb953fcee5fca6b48b4ecf4bfe5c5b_b.jpg\" width=\"1281\"></noscript><img src=\"https://pic1.zhimg.com/80/1feb953fcee5fca6b48b4ecf4bfe5c5b_hd.jpg\" width=\"1281\"></figure><p></p><p>例如，在未来，有了很牛的科技，而这种科技全然超出了我们的预料与掌控（参考<a href=\"https://link.zhihu.com/?target=https%3A//en.wikipedia.org/wiki/Technological_singularity\" target=\"_blank\" rel=\"nofollow noreferrer\">Technological singularity</a>，技术奇点），在不断的误用之后，它就把整个行星给毁灭了。</p><figure><noscript><img src=\"https://pic3.zhimg.com/50/1b81f7ee85d0d17f352b21d92213d67b_b.jpg\" width=\"640\"></noscript><img src=\"https://pic3.zhimg.com/80/1b81f7ee85d0d17f352b21d92213d67b_hd.jpg\" width=\"640\"></figure><p></p><p>每一个先进文明的最后一句话可能就是：“只要我按下这个按钮，这个新的装置就会解决我们所有的问题。”</p><figure><noscript><img src=\"https://pic4.zhimg.com/50/0e680923d0b082b04023bb3b70878b74_b.jpg\" width=\"641\"></noscript><img src=\"https://pic4.zhimg.com/80/0e680923d0b082b04023bb3b70878b74_hd.jpg\" width=\"641\"></figure><p></p><br>如果这个是真的话，那么我们更接近人类文明的末日，而不是人类的开端。<br>又或许存在一个古老的III型文明，他们监视着整个宇宙，一旦一个文明变得足够先进，它就被立刻铲除掉了。<figure><noscript><img src=\"https://pic3.zhimg.com/50/09d4130a9e1e75e798ee47c42f2ddb60_b.jpg\" width=\"641\"></noscript><img src=\"https://pic3.zhimg.com/80/09d4130a9e1e75e798ee47c42f2ddb60_hd.jpg\" width=\"641\"></figure><br><p>也许对于可能的某种存在，我们还是不发现的要好（然而旅行者号已经发出了“声音”）。</p><figure><noscript><img src=\"https://pic2.zhimg.com/50/08881236a4cdd790a3892dfc56c1e34d_b.jpg\" width=\"639\"></noscript><img src=\"https://pic2.zhimg.com/80/08881236a4cdd790a3892dfc56c1e34d_hd.jpg\" width=\"639\"></figure><p></p><p>最后一个想法，也许我们就是孤单的。目前说来，我们并没有任何的证据表明除了我们之外还有其他的（智慧）生命。</p><figure><noscript><img src=\"https://pic4.zhimg.com/50/01be5b5a36e26c7618273b9a885a2a39_b.jpg\" width=\"1279\"></noscript><img src=\"https://pic4.zhimg.com/80/01be5b5a36e26c7618273b9a885a2a39_hd.jpg\" width=\"1279\"></figure><p></p><p>外面什么也没有，宇宙看起来如死寂一般。没有人给我们发送信息，也没有人回答我们的呼唤。我们可能是完完全全的孤单一人，被困在湿漉漉的泥球上，周围是永恒的宇宙。</p><figure><noscript><img src=\"https://pic3.zhimg.com/50/752abf4f671fc0dcc9e00768f98ba702_b.jpg\" width=\"638\"></noscript><img src=\"https://pic3.zhimg.com/80/752abf4f671fc0dcc9e00768f98ba702_hd.jpg\" width=\"638\"></figure><p></p><p>这个想法吓坏你了吗？如果是的话，你的反应是正确的。</p><p>如果我们让这个星球上的文明死去的话，也许整个宇宙就再也没有生命了。在我们的宇宙中，生命可能就从此一去不复返。</p><figure><noscript><img src=\"https://pic1.zhimg.com/50/fb1e842b4c04b48bde21bc99f5f134e1_b.jpg\" width=\"640\"></noscript><img src=\"https://pic1.zhimg.com/80/fb1e842b4c04b48bde21bc99f5f134e1_hd.jpg\" width=\"640\"></figure><p></p><p>如果是这样的话，我们只需要大胆的飞向宇宙，并成为第一个III型文明，让生命之火在宇宙之中蔓延，直到这个宇宙的最后一刻。</p><figure><noscript><img src=\"https://pic3.zhimg.com/50/84768935b3d62f929b58e898ef050431_b.jpg\" width=\"641\"></noscript><img src=\"https://pic3.zhimg.com/80/84768935b3d62f929b58e898ef050431_hd.jpg\" width=\"641\"></figure><p></p><p>宇宙如此美丽，如果没有人来品味的话，也是太可惜了。</p><figure><noscript><img src=\"https://pic1.zhimg.com/50/d43f09fd58473603a36f4c0d1643de93_b.jpg\" width=\"640\"></noscript><img src=\"https://pic1.zhimg.com/80/d43f09fd58473603a36f4c0d1643de93_hd.jpg\" width=\"640\"></figure><p></p><p><b>费米悖论Part 2（一些思考）：</b></p><br><a href=\"https://link.zhihu.com/?target=https%3A//www.youtube.com/watch%3Fv%3D1fQkVqno-uI\" target=\"_blank\" rel=\"nofollow noreferrer\">https://www.youtube.com/watch?v=1fQkVqno-uI</a><br><strong>1.思考A</strong><br><strong>太空旅行非常难</strong>，虽然有可能，但前往其他恒星仍是一个巨大的挑战：<br>（1）大量的材料必须被送入轨道和组装。另外，几千年的“长途”旅程所装带的人口，也会成为这一技术的阻碍。<figure><noscript><img src=\"https://pic4.zhimg.com/50/79869cf320aa9da8cde59485f0ae513e_b.jpg\" width=\"641\"></noscript><img src=\"https://pic4.zhimg.com/80/79869cf320aa9da8cde59485f0ae513e_hd.jpg\" width=\"641\"></figure><br>（2）目的星球也绝不如同它从远方看起来的那般好客。<br><figure><noscript><img src=\"https://pic1.zhimg.com/50/1810dd0e6e0bb9ce9462fdc300fbe00e_b.jpg\" width=\"640\"></noscript><img src=\"https://pic1.zhimg.com/80/1810dd0e6e0bb9ce9462fdc300fbe00e_hd.jpg\" width=\"640\"></figure><br><p>（3）造成的星际入侵，也许也无法避免。（对于其他种族的星际空间的无意闯入）</p><figure><noscript><img src=\"https://pic2.zhimg.com/50/efe4676472ef38b5ba8d1ffaffe7309a_b.jpg\" width=\"641\"></noscript><img src=\"https://pic2.zhimg.com/80/efe4676472ef38b5ba8d1ffaffe7309a_hd.jpg\" width=\"641\"></figure><p></p><p>（4）还需要考虑时间，宇宙已经很老了，在地球上，生命存在了至少36亿年，而根据考苦学推断的所谓智人在约25万年前出现，但是大约仅一个世纪，我们才有远距离通信技术。</p><figure><noscript><img src=\"https://pic4.zhimg.com/50/291d077637f4bd78f4f35e4ccc4ea24b_b.jpg\" width=\"1279\"></noscript><img src=\"https://pic4.zhimg.com/80/291d077637f4bd78f4f35e4ccc4ea24b_hd.jpg\" width=\"1279\"></figure><p></p><br><strong>2.思考B</strong><br>当然了，抛开上面的困境不说，也许已经有盛大的外星人帝国铺张在成千上万的系统并存在了数百万年，我们可能只是错过了他们。<figure><noscript><img src=\"https://pic2.zhimg.com/50/e8c4e4f6fd3a39f844369e8c36c7e654_b.jpg\" width=\"640\"></noscript><img src=\"https://pic2.zhimg.com/80/e8c4e4f6fd3a39f844369e8c36c7e654_hd.jpg\" width=\"640\"></figure><br><p>可能有伟岸的废墟在遥远的世界上腐朽。</p><figure><noscript><img src=\"https://pic3.zhimg.com/50/7856530729bcb466c266929bbba749f8_b.jpg\" width=\"640\"></noscript><img src=\"https://pic3.zhimg.com/80/7856530729bcb466c266929bbba749f8_hd.jpg\" width=\"640\"></figure><p></p><p>地球上所有物种中的99%都灭绝了。人们很容易认为，这将是我们迟早要面对的命运。</p><figure><noscript><img src=\"https://pic3.zhimg.com/50/6816fc2f245d62c52be92003e180520b_b.jpg\" width=\"640\"></noscript><img src=\"https://pic3.zhimg.com/80/6816fc2f245d62c52be92003e180520b_hd.jpg\" width=\"640\"></figure><p></p><p>智能生命可能发展，分布到几个系统上，然后死光了，一遍又一遍的重复。但银河文明可能永远不会满足。</p><figure><noscript><img src=\"https://pic1.zhimg.com/50/efe63bd64d23ab20a627dfead7f6e5cd_b.jpg\" width=\"641\"></noscript><img src=\"https://pic1.zhimg.com/80/efe63bd64d23ab20a627dfead7f6e5cd_hd.jpg\" width=\"641\"></figure><p></p><p>所以也许对于宇宙中的生命，这会是统一的体验：望着星星，并怀疑“大家在哪里？”</p><figure><noscript><img src=\"https://pic4.zhimg.com/50/fd39ccf688df1557d641a9d38c69e8a6_b.jpg\" width=\"642\"></noscript><img src=\"https://pic4.zhimg.com/80/fd39ccf688df1557d641a9d38c69e8a6_hd.jpg\" width=\"642\"></figure><p></p><p>但是没有理由认为外星人和我们一样，或者我们的逻辑也适合他们。这可能只是我们的沟通方式是非常原始和过时的。</p><figure><noscript><img src=\"https://pic4.zhimg.com/50/99edbd345b43b63038452559b5a49579_b.jpg\" width=\"640\"></noscript><img src=\"https://pic4.zhimg.com/80/99edbd345b43b63038452559b5a49579_hd.jpg\" width=\"640\"></figure><p></p><p>想象一下，你坐在家里用摩斯电码发送器，持续不断地发信息，但是没有人会回应你。你觉得很孤独，可能是因为我们仍然无法察觉智能生物。我们将会继续这样做，直到我们学会正常通信。</p><figure><noscript><img src=\"https://pic1.zhimg.com/50/35d02c584b7741540e5a0ec50a1e78b1_b.jpg\" width=\"2000\"></noscript><img src=\"https://pic1.zhimg.com/80/35d02c584b7741540e5a0ec50a1e78b1_hd.jpg\" width=\"2000\"></figure><p></p><p>即使我们遇到外星人，我们间的差异也可能过大，以至于无法与他们以有意义的方式交流。</p><figure><noscript><img src=\"https://pic1.zhimg.com/50/c4b84069ff6aad8f13160bb98afa2f16_b.jpg\" width=\"640\"></noscript><img src=\"https://pic1.zhimg.com/80/c4b84069ff6aad8f13160bb98afa2f16_hd.jpg\" width=\"640\"></figure><p></p><p>想象一下你所能想到的最聪明的松鼠，不管你多努力，你都无法把我们的社会解释给它听。毕竟，以松鼠的视角，一棵树就像是自己需要生存的全部智慧。</p><figure><noscript><img src=\"https://pic1.zhimg.com/50/dc58af6d48db26ec5508dc00fd851000_b.jpg\" width=\"2000\"></noscript><img src=\"https://pic1.zhimg.com/80/dc58af6d48db26ec5508dc00fd851000_hd.jpg\" width=\"2000\"></figure><p></p><p>因此，人类砍伐森林的举动是疯狂的，但不是因为我们恨松鼠而破坏森林，而是我们只想要资源，松鼠的愿望和松鼠的生存都不是我们所关心的。</p><figure><noscript><img src=\"https://pic4.zhimg.com/50/7934229b7a65196030aff1fdc390cc0c_b.jpg\" width=\"2000\"></noscript><img src=\"https://pic4.zhimg.com/80/7934229b7a65196030aff1fdc390cc0c_hd.jpg\" width=\"2000\"></figure><p></p><p>当III型文明需要资源时，可能就会以相同的方式对待我们。他们可能会蒸发我们的海洋，只是要使他们收集资源更方便一些。</p><figure><noscript><img src=\"https://pic3.zhimg.com/50/dfc438ec35d2e9fb31a13f807617ede0_b.jpg\" width=\"1999\"></noscript><img src=\"https://pic3.zhimg.com/80/dfc438ec35d2e9fb31a13f807617ede0_hd.jpg\" width=\"1999\"></figure><p></p><p>一个外星人，可能会这样想，“小小的猿们，他们建立真的很可爱的混凝土结构，哦，好吧，他们现在死了。”</p><figure><noscript><img src=\"https://pic4.zhimg.com/50/fd48244d405a6c89a86c781f2bd08ead_b.jpg\" width=\"640\"></noscript><img src=\"https://pic4.zhimg.com/80/fd48244d405a6c89a86c781f2bd08ead_hd.jpg\" width=\"640\"></figure><p></p><p>但是，如果有一个文明，希望消除其他物种，它的动机更可能是殖民而不是经济。</p><figure><noscript><img src=\"https://pic2.zhimg.com/50/540a74020320cda7016d6cf72a4b7947_b.jpg\" width=\"640\"></noscript><img src=\"https://pic2.zhimg.com/80/540a74020320cda7016d6cf72a4b7947_hd.jpg\" width=\"640\"></figure><p></p><p>而且无论如何，他们藉有自动化流程，通过构建完美的武器，能使一切更有效率，：</p><figure><noscript><img src=\"https://pic2.zhimg.com/50/4d9df44b9609d638fe498a59d3f6f8a3_b.jpg\" width=\"640\"></noscript><img src=\"https://pic2.zhimg.com/80/4d9df44b9609d638fe498a59d3f6f8a3_hd.jpg\" width=\"640\"></figure><p></p><p>这可能是一种由纳米仪器建造的，一个自我复制的空间探测器。他们仪器平台所操作的分子水平，是令人难以置信的快速和致命的，具有能在瞬间攻击和摧毁任何事物的能力。</p><figure><noscript><img src=\"https://pic3.zhimg.com/50/e65b3b75473be3291339ab4d18ae5f9d_b.jpg\" width=\"640\"></noscript><img src=\"https://pic3.zhimg.com/80/e65b3b75473be3291339ab4d18ae5f9d_hd.jpg\" width=\"640\"></figure><p></p><br>你只需要给他们四个指令：一，找到一个有生命的星球；二，拆解在这个星球上的一切，成为其组成元件；三，使用资源来建造新的空间探测器；四，重复上述过程。<br>像这样的世界末日机器，可能在几百万年内就消除整个星系的生命。<figure><noscript><img src=\"https://pic3.zhimg.com/50/17577c8c693259d4c55fa0e4cdcaeff3_b.jpg\" width=\"1997\"></noscript><img src=\"https://pic3.zhimg.com/80/17577c8c693259d4c55fa0e4cdcaeff3_hd.jpg\" width=\"1997\"></figure><br><br><strong>3.思考C</strong><br><p>但是，为什么你会想要飞行数光年远，仅仅来收集资源或者造成种族灭绝？光的速度其实并不非常快，假如有人能以光速行进，穿越银河一次仍然需要10万年（配图有错忘见谅）：</p><figure><noscript><img src=\"https://pic1.zhimg.com/50/2e7a5ab1d372cafca56c7d58fd433360_b.jpg\" width=\"640\"></noscript><img src=\"https://pic1.zhimg.com/80/2e7a5ab1d372cafca56c7d58fd433360_hd.jpg\" width=\"640\"></figure><p></p><p>有可能比摧毁文明和建造帝国更为愉快的事情：一个有趣的概念就是Matrioshaka大脑。这是一个围绕恒星的巨大结构，而这种计算能力的电脑，可以让一个种族上传他们所有的意识和存在到模拟的宇宙。有可能，他们可以体验到永远纯粹的狂喜，没有出生或者悲伤，一个完美的人生。</p><figure><noscript><img src=\"https://pic4.zhimg.com/50/821a5c57a24ef77769b77312e364f6d1_b.jpg\" width=\"1997\"></noscript><img src=\"https://pic4.zhimg.com/80/821a5c57a24ef77769b77312e364f6d1_hd.jpg\" width=\"1997\"></figure><p></p><p>如果它的建成地是围绕一颗红矮星的轨道，这台电脑可以供电长达10万亿年。如果这是一个简单的选择，谁愿意花大力气去征服银河系或者与其他生命形式的接触呢？</p><figure><noscript><img src=\"https://pic4.zhimg.com/50/e58d391bb2cedc5cd9a8cc830d8f26cc_b.jpg\" width=\"2000\"></noscript><img src=\"https://pic4.zhimg.com/80/e58d391bb2cedc5cd9a8cc830d8f26cc_hd.jpg\" width=\"2000\"></figure><p></p><p>所有这些费米悖论的解决方案有一个问题：<strong>我们并不知道技术的边界</strong>。</p><figure><noscript><img src=\"https://pic1.zhimg.com/50/032753cd5fd5e504c8760569ac6c4d0a_b.jpg\" width=\"640\"></noscript><img src=\"https://pic1.zhimg.com/80/032753cd5fd5e504c8760569ac6c4d0a_hd.jpg\" width=\"640\"></figure><p></p><p>我们可能接近极限或是差的很远。例如，有一种超级棒的技术正在等着我们，能将我们能运送到其他星系。</p><br><strong>4.思考D</strong><br>然而我们不得不承认的是，我们真的什么都不知道：<figure><noscript><img src=\"https://pic2.zhimg.com/50/fb4ecd3d6fd9bc16e63781098852355c_b.jpg\" width=\"1000\"></noscript><img src=\"https://pic2.zhimg.com/80/fb4ecd3d6fd9bc16e63781098852355c_hd.jpg\" width=\"1000\"></figure><br><p>人类已经花费了超过90%的时间作为狩猎采集。500年前，我们还认为自己是宇宙的中心。200年前，我们停止使用人力作为能量的主要来源。30年前，我们还把毁灭性武器互相指着对方，只是因为政治分歧。</p><figure><noscript><img src=\"https://pic3.zhimg.com/50/8a4e350aca86711ae7a9a927a57d38fe_b.jpg\" width=\"2000\"></noscript><img src=\"https://pic3.zhimg.com/80/8a4e350aca86711ae7a9a927a57d38fe_hd.jpg\" width=\"2000\"></figure><p></p><p>然而，在以银河的时间尺度来看，我们只是胚胎。我们已经走了很远，但是仍有很长的路要走。而自以为是宇宙的中心的心态，仍然强力的印在人类心中，也因此让很多人容易产生对宇宙中其他生命的傲慢假设：</p><figure><noscript><img src=\"https://pic2.zhimg.com/50/30a8348937f08e0894eb406ba09ecb82_b.jpg\" width=\"2000\"></noscript><img src=\"https://pic2.zhimg.com/80/30a8348937f08e0894eb406ba09ecb82_hd.jpg\" width=\"2000\"></figure><p></p><p>但最终，只有一个办法能够查明真相，对吗？</p><figure><noscript><img src=\"https://pic4.zhimg.com/50/63c4a06808cee8307e572f8ab0c96658_b.jpg\" width=\"640\"></noscript><img src=\"https://pic4.zhimg.com/80/63c4a06808cee8307e572f8ab0c96658_hd.jpg\" width=\"640\"></figure><p></p><p>~~~~~~~~~~~~~~~~~~~~~~~~~~~~~~~~~~~~~~~~~~~~~~~~~~~~~~~~~~~~~~~~~~~~~~~~</p><p><b>大沉默</b></p><blockquote>另一个紧密相关的问题是<b>大沉默</b>——即使难以<a href=\"https://link.zhihu.com/?target=https%3A//zh.wikipedia.org/wiki/%25E6%2581%2586%25E6%2598%259F%25E9%259A%259B%25E6%2597%2585%25E8%25A1%258C\" target=\"_blank\" rel=\"nofollow noreferrer\">星际旅行</a>，如果生命是普遍存在的话，为什么我们探测不到<a href=\"https://link.zhihu.com/?target=https%3A//zh.wikipedia.org/w/index.php%3Ftitle%3D%25E7%2594%25B5%25E7%25A3%2581%25E4%25BF%25A1%25E5%258F%25B7%26action%3Dedit%26redlink%3D1\" target=\"_blank\" rel=\"nofollow noreferrer\">电磁信号</a>？有人尝试通过寻找地外文明的证据来解决费米悖论，也提出这些生命可能不具备人类的智慧。也有学者认为高等地外文明根本不存在，或者非常稀少以至于人类不可能联系得上。</blockquote><p>引自<a href=\"https://link.zhihu.com/?target=https%3A//en.wikipedia.org/wiki/Fermi_paradox\" target=\"_blank\" rel=\"nofollow noreferrer\">Fermi paradox</a></p><p>不过，我们对于寻找地外生命形式的行星总是有我们固执的想法，比如我们觉得宜居星球要有大气层。仅以人类或者生物需要呼吸的成分为模板，就可以算出宜居行星的必要尺寸，咱么一起算一算看：</p><p>我们知道气体动力学理论中有一个<strong>均方根速度</strong></p><figure><noscript><img src=\"https://pic4.zhimg.com/50/f302dca6f30a1d64276cfc50e9cc7a74_b.jpg\" width=\"156\"></noscript><img src=\"https://pic4.zhimg.com/80/f302dca6f30a1d64276cfc50e9cc7a74_hd.jpg\" width=\"156\"></figure><p> 上式中，R是摩尔气体常数，Mm是气体的摩尔质量</p><p>稍微变形一下，利用高斯积分和麦克斯韦速率分布律：<br></p><p></p><figure><noscript><img src=\"https://pic1.zhimg.com/50/a1e22bc4bc4c6730442aa5d7bfc252e1_b.jpg\" width=\"708\"></noscript><img src=\"https://pic1.zhimg.com/80/a1e22bc4bc4c6730442aa5d7bfc252e1_hd.jpg\" width=\"708\"></figure>注意，这时候的m已经不是气体的摩尔质量了，而是<strong>气体中单个分子的质量</strong><br><p></p><p>对于一颗行星，有一个逃逸速度：<br></p><figure><noscript><img src=\"https://pic1.zhimg.com/50/84324138d0690aeb720c44c0e7108f29_b.jpg\"></noscript><img src=\"https://pic1.zhimg.com/80/84324138d0690aeb720c44c0e7108f29_hd.jpg\"></figure><br>根据纪录片《宇宙时空之旅》中的旁白，我们的地球年龄约有45亿年，假设地球还能再存在55亿年（太阳的红巨星阶段大约是70亿年后），图个简便也就是一共<b>45+55=100亿年=10^10年</b><br>利用<br><br><figure><noscript><img src=\"https://pic3.zhimg.com/50/03ad184dd7a04c0c22632499bb0a4d96_b.jpg\"></noscript><img src=\"https://pic3.zhimg.com/80/03ad184dd7a04c0c22632499bb0a4d96_hd.jpg\"></figure><br>可以得到<br><figure><noscript><img src=\"https://pic2.zhimg.com/50/1aebd498f4bf8f43c90b310dcf2cdf70_b.jpg\"></noscript><img src=\"https://pic2.zhimg.com/80/1aebd498f4bf8f43c90b310dcf2cdf70_hd.jpg\"></figure><br>上面这个<b>M是行星质量，m是气体单个分子的质量</b><br>再假设这个宜居行星的密度跟地球相仿：<br><strong>Earth density=5.51 g/cm³</strong> （<a href=\"https://link.zhihu.com/?target=http%3A//www.universetoday.com/26771/density-of-the-earth/\" target=\"_blank\" rel=\"nofollow noreferrer\">Density of the Earth</a>）<br><br>把行星假设成为球形，于是有：<br><figure><noscript><img src=\"https://pic3.zhimg.com/50/da3a18f657f1cd0a2b413b5cda0a87eb_b.jpg\"></noscript><img src=\"https://pic3.zhimg.com/80/da3a18f657f1cd0a2b413b5cda0a87eb_hd.jpg\"></figure><br>带入其他已知条件：<figure><noscript><img src=\"https://pic4.zhimg.com/50/5bb6e785e233f9e2938d5506a0ea2f96_b.jpg\" width=\"990\"></noscript><img src=\"https://pic4.zhimg.com/80/5bb6e785e233f9e2938d5506a0ea2f96_hd.jpg\" width=\"990\"></figure>可以有等式：<figure><noscript><img src=\"https://pic4.zhimg.com/50/f77beb853c57a843d909995cd51b0ae5_b.jpg\"></noscript><img src=\"https://pic4.zhimg.com/80/f77beb853c57a843d909995cd51b0ae5_hd.jpg\"></figure>得出宜居星球的<b>最小半径R=2841624m=</b><strong>2841.624km</strong><br><br><br><strong>2842千米</strong>比地球的半径（<strong>6371千米</strong>，<a href=\"https://link.zhihu.com/?target=https%3A//en.wikipedia.org/wiki/Earth_radius\" target=\"_blank\" rel=\"nofollow noreferrer\">Earth radius</a>）的<strong>一半</strong>要小一些，跟<strong>Ganymede</strong>（木卫三，<a href=\"https://link.zhihu.com/?target=https%3A//en.wikipedia.org/wiki/Ganymede_%28moon\" target=\"_blank\" rel=\"nofollow noreferrer\">https://en.wikipedia.org/wiki/Ganymede_(moon</a>)）的半径<strong>2634.1±0.3</strong> 千米差不多：<br><br><figure><noscript><img src=\"https://pic4.zhimg.com/50/0b9885ebeefa1a0a74afcd8c86c5596e_b.jpg\" width=\"727\"></noscript><img src=\"https://pic4.zhimg.com/80/0b9885ebeefa1a0a74afcd8c86c5596e_hd.jpg\" width=\"727\"></figure>图片来自<a href=\"https://link.zhihu.com/?target=https%3A//en.wikipedia.org/wiki/Ganymede_%28moon%29%23/media/File%3AGanymede%2C_Earth_%2526_Moon_size_comparison.jpg\" target=\"_blank\" rel=\"nofollow noreferrer\">Ganymede (moon)</a><br>但是，是不是情况可能与我们设想的不一样呢？是不是我们看向了错误的地方？<br>油管上面的<b>MinutePhysics</b>（<a href=\"https://link.zhihu.com/?target=https%3A//www.youtube.com/watch%3Fv%3DKRGca_Ya6OM\" target=\"_blank\" rel=\"nofollow noreferrer\">https://www.youtube.com/watch?v=KRGca_Ya6OM</a>）正经讨论了这个问题，结合这个网站<a href=\"https://link.zhihu.com/?target=http%3A//www.thebigalientheory.com/%23calculation\" target=\"_blank\" rel=\"nofollow noreferrer\">The Big Alien Theory</a>的理论，我们一起来看看：<br>当寻求外星生命时，我们会集中去找一些像地球的星球，即其环境状态与地球相似。<br><figure><noscript><img src=\"https://pic3.zhimg.com/50/7c424b0b5f89d7252953e849b9e8af9c_b.jpg\" width=\"640\"></noscript><img src=\"https://pic3.zhimg.com/80/7c424b0b5f89d7252953e849b9e8af9c_hd.jpg\" width=\"640\"></figure>“在地球上有生命”，逻辑上就等于“像地球的地方很有可能会找到生命。”<br><figure><noscript><img src=\"https://pic1.zhimg.com/50/a01be6cadb9eaafd67ed6f7383407f49_b.jpg\" width=\"640\"></noscript><img src=\"https://pic1.zhimg.com/80/a01be6cadb9eaafd67ed6f7383407f49_hd.jpg\" width=\"640\"></figure>可是，在可观测宇宙中，有成千上万个星系，而其中又有数十亿计的恒星，大部分都有行星环绕，总共约有百万十亿十亿（10^24）颗星体。<br><figure><noscript><img src=\"https://pic2.zhimg.com/50/5db1c9391d8a25f41af7149b886cd068_b.jpg\" width=\"640\"></noscript><img src=\"https://pic2.zhimg.com/80/5db1c9391d8a25f41af7149b886cd068_hd.jpg\" width=\"640\"></figure>这样巨大的数目，可以让我们合理的假设：当中的大量星球有生命存在，甚至是有智慧生物。</div></div>', '557', '1555', '2018-09-19 15:14:17');
INSERT INTO `thread` VALUES ('8', '5', '1', '修改tid=8', '<p>修改tid=8</p>', '22314', '553214', '2018-09-28 17:46:26');
INSERT INTO `thread` VALUES ('9', '7', '1', '1234', '<p>1234</p>', '231', '12314', '2018-09-19 15:30:24');
INSERT INTO `thread` VALUES ('10', '6', '1', '宇宙已经 140 亿岁了，多少文明存在又消亡过，为何没有文明进化到可以星际旅行，通过虫洞找到我们？', '<div>作者：土豆泥<br>链接：https://www.zhihu.com/question/28897303/answer/98393973<br>来源：知乎<br>著作权归作者所有。商业转载请联系作者获得授权，非商业转载请注明出处。<br><br><div><p>题主的问题可以归于两个比较有名的思考：</p><p>费米悖论和大沉默</p><p>~~~~~~~~~~~~~~~~~~~~~~~~~~~~~~~~~~~~~~~~~~~~~~~~~~~~~~~~~~~~~~~~~~~~~~~~</p><p>费米悖论：</p><blockquote><p><b>费米悖论</b>（<b>Fermi\r\nparadox</b>，又称<b>费米谬论</b>）阐述的是对<a href=\"https://link.zhihu.com/?target=https%3A//zh.wikipedia.org/wiki/%25E5%259C%25B0%25E5%25A4%2596%25E6%2596%2587%25E6%2598%258E\" target=\"_blank\" rel=\"nofollow noreferrer\">地外文明</a>存在性的过高估计和缺少相关证据之间的矛盾。 <a href=\"https://link.zhihu.com/?target=https%3A//zh.wikipedia.org/wiki/%25E5%25AE%2587%25E5%25AE%2599%25E7%259A%2584%25E5%25B9%25B4%25E9%25BE%2584\" target=\"_blank\" rel=\"nofollow noreferrer\">宇宙惊人的年龄</a>和庞大的星体数量意味着，除非地球是一个特殊的例子，否则地外生命应该广泛存在。在1950年的一次非正式讨论中，<a href=\"https://link.zhihu.com/?target=https%3A//zh.wikipedia.org/wiki/%25E7%2589%25A9%25E7%2590%2586%25E5%25AD%25A6%25E5%25AE%25B6\" target=\"_blank\" rel=\"nofollow noreferrer\">物理学家</a><a href=\"https://link.zhihu.com/?target=https%3A//zh.wikipedia.org/wiki/%25E6%2581%25A9%25E9%2587%258C%25E7%25A7%2591%25C2%25B7%25E8%25B4%25B9%25E7%25B1%25B3\" target=\"_blank\" rel=\"nofollow noreferrer\">恩里科·费米</a>问道，如果<a href=\"https://link.zhihu.com/?target=https%3A//zh.wikipedia.org/wiki/%25E9%2593%25B6%25E6%25B2%25B3%25E7%25B3%25BB\" target=\"_blank\" rel=\"nofollow noreferrer\">银河系</a>存在大量先进的地外文明，那么为什么连<a href=\"https://link.zhihu.com/?target=https%3A//zh.wikipedia.org/wiki/%25E9%25A3%259E%25E8%2588%25B9\" target=\"_blank\" rel=\"nofollow noreferrer\">飞船</a>或者<a href=\"https://link.zhihu.com/?target=https%3A//zh.wikipedia.org/wiki/%25E6%258E%25A2%25E6%25B5%258B%25E5%2599%25A8\" target=\"_blank\" rel=\"nofollow noreferrer\">探测器</a>之类的证据都看不到。对这个话题更加具体的探讨最早出现在1975年<a href=\"https://link.zhihu.com/?target=https%3A//zh.wikipedia.org/wiki/%25E8%25BF%2588%25E5%2585%258B%25E5%25B0%2594%25C2%25B7H%25C2%25B7%25E5%2593%2588%25E7%2589%25B9\" target=\"_blank\" rel=\"nofollow noreferrer\">麦克·哈特</a>的文章中，有时也被叫做<b>麦克</b><b>·</b><b>哈特悖论</b>。</p><p>所以费米悖论讲述的是有关尺度和概率的论点和稀缺的证据之间的矛盾，即宇宙显著的尺度和年龄意味着高等地外文明应该存在。</p></blockquote><p>引自<a href=\"https://link.zhihu.com/?target=https%3A//en.wikipedia.org/wiki/Fermi_paradox\" target=\"_blank\" rel=\"nofollow noreferrer\">Fermi paradox</a></p><p>下面利用两个个非常精良的油管视频来展开费米悖论，<b>各位读者爆米花准备，别忘了请开着Wi-Fi哦：</b></p><p><b>费米悖论Part 1（内容简介）：</b></p><p><a href=\"https://link.zhihu.com/?target=https%3A//www.youtube.com/watch%3Fv%3DsNhhvQGsMEc\" target=\"_blank\" rel=\"nofollow noreferrer\">https://www.youtube.com/watch?v=sNhhvQGsMEc</a></p><p>可观测宇宙的直径大约有900亿光年。至少有1000亿个星系，每个星系拥有大概1000亿到10000亿颗恒星。</p><figure><noscript><img src=\"https://pic3.zhimg.com/50/d4202f9efa3d0f7ee5674159cb7f9444_b.jpg\" width=\"1281\"></noscript><img src=\"https://pic3.zhimg.com/80/d4202f9efa3d0f7ee5674159cb7f9444_hd.jpg\" width=\"1281\"></figure><p>最近，我们已经了解到，行星是非常普遍的。我们的宇宙中可能有上万亿的适宜居住的行星。</p><figure><noscript><img src=\"https://pic2.zhimg.com/50/a20441426c9605c0e47ab5e0fe54d66e_b.jpg\" width=\"638\"></noscript><img src=\"https://pic2.zhimg.com/80/a20441426c9605c0e47ab5e0fe54d66e_hd.jpg\" width=\"638\"></figure><p>这意味着生命存在和发展的机会很大，不是吗？但它在哪里呢？难道宇宙中不是应该充满宇宙飞船和星空战舰吗？让我们退一步想想。</p><figure><noscript><img src=\"https://pic2.zhimg.com/50/182ed73ca9b2ece45a3512f3046a869f_b.jpg\" width=\"1280\"></noscript><img src=\"https://pic2.zhimg.com/80/182ed73ca9b2ece45a3512f3046a869f_hd.jpg\" width=\"1280\"></figure><p>即使有其他星系存在外星文明，我们完全没有办法知道他们的存在。就我们所知，银河系和近邻星团被称为“本星系群”(the local\r\ngroup)，所有在这之外的星系我们基本上永远不会接触到，这是因为我们的宇宙在膨胀（这个我在这个回答<a href=\"https://www.zhihu.com/question/20129172/answer/94543961\">为什么宇宙的年龄是 130 亿年，而我们却能看到 470 亿光年远的东西？ - 土豆泥的回答</a>里有简要阐述）。</p><figure><noscript><img src=\"https://pic4.zhimg.com/50/824ed9ee1a6ca2c044d90af29d9fcf1a_b.jpg\" width=\"641\"></noscript><img src=\"https://pic4.zhimg.com/80/824ed9ee1a6ca2c044d90af29d9fcf1a_hd.jpg\" width=\"641\"></figure><p>即使我们有非常快的飞船，说起来也要花好几亿年的时间才能穿过宇宙中最空旷的地方到达本星系群之外的星系。</p><figure><noscript><img src=\"https://pic4.zhimg.com/50/6c329565a1fb1845cd40610992032d02_b.jpg\" width=\"642\"></noscript><img src=\"https://pic4.zhimg.com/80/6c329565a1fb1845cd40610992032d02_hd.jpg\" width=\"642\"></figure><p>所以，我们把注意力放在银河系上。银河系是我们的家园，它包含了多达4千亿颗恒星。整个可观测宇宙的恒星数量之多，大约是地球上的每一粒沙子可以对应其中的一万颗恒星。</p><figure><noscript><img src=\"https://pic4.zhimg.com/50/51adcda5aa62024aa6c8636c679df57f_b.jpg\" width=\"1279\"></noscript><img src=\"https://pic4.zhimg.com/80/51adcda5aa62024aa6c8636c679df57f_hd.jpg\" width=\"1279\"></figure><p>在银河系中，大约有200亿颗跟太阳相似的恒星。估算表明这些恒星中有五分之一有处在宜居带的类地行星。宜居带就是恒星周围适合生命存在的轨道区域。</p><figure><noscript><img src=\"https://pic4.zhimg.com/50/81f9ceaabf17f6ed7424c1fc12c1e611_b.jpg\" width=\"1281\"></noscript><img src=\"https://pic4.zhimg.com/80/81f9ceaabf17f6ed7424c1fc12c1e611_hd.jpg\" width=\"1281\"></figure><p>假设这些行星中只有0.1%有生命，那么整个银河系中有100万的行星上会有生命存在（参考德雷克方程，<a href=\"https://link.zhihu.com/?target=https%3A//en.wikipedia.org/wiki/Drake_equation\" target=\"_blank\" rel=\"nofollow noreferrer\">https://en.wikipedia.org/wiki/Drake_equation</a>）。</p><figure><noscript><img src=\"https://pic1.zhimg.com/50/d7229d21c4ee7e788dab11a5abf71b03_b.jpg\" width=\"640\"></noscript><img src=\"https://pic1.zhimg.com/80/d7229d21c4ee7e788dab11a5abf71b03_hd.jpg\" width=\"640\"></figure><p></p><p>等等，银河系大约有130亿年的历史，最开始的时候，银河系并不是一个适合生命存在的地方，这是因为很多东西在爆炸，但是，在银河系诞生后的10到20亿年，第一颗宜居行星就会诞生了。</p><figure><noscript><img src=\"https://pic1.zhimg.com/50/0bfb56276bed3bc1febb7a8a09190f80_b.jpg\" width=\"640\"></noscript><img src=\"https://pic1.zhimg.com/80/0bfb56276bed3bc1febb7a8a09190f80_hd.jpg\" width=\"640\"></figure><p></p><p>地球只有40亿年的历史，所以有数不尽的可能性，生命在其它的行星上也诞生了。</p><figure><noscript><img src=\"https://pic4.zhimg.com/50/90286a9f658fdc3914f8c76c01a56d8e_b.jpg\" width=\"640\"></noscript><img src=\"https://pic4.zhimg.com/80/90286a9f658fdc3914f8c76c01a56d8e_hd.jpg\" width=\"640\"></figure><p></p><p>即使只有一种生命发展出了太空旅行的科技文明，我们现在就已经注意到他们了，或者我们就已经被注意到了。那么，这样的科技文明是什么样的呢？</p><figure><noscript><img src=\"https://pic4.zhimg.com/50/745fa3238c5baaada5ea20926fa1a8a3_b.jpg\" width=\"640\"></noscript><img src=\"https://pic4.zhimg.com/80/745fa3238c5baaada5ea20926fa1a8a3_hd.jpg\" width=\"640\"></figure><p></p><p>我们根据卡尔达肖夫指数（<a href=\"https://link.zhihu.com/?target=https%3A//en.wikipedia.org/wiki/Kardashev_scale\" target=\"_blank\" rel=\"nofollow noreferrer\">Kardashev scale</a>），把他们分成了三类：</p><p><b>I</b><b>型文明</b></p><p>一个I型的文明可以使用他们星球上所有的能源。</p><figure><noscript><img src=\"https://pic1.zhimg.com/50/eb8799aea587d8caa6a09bb4b2e8324e_b.jpg\" width=\"642\"></noscript><img src=\"https://pic1.zhimg.com/80/eb8799aea587d8caa6a09bb4b2e8324e_hd.jpg\" width=\"642\"></figure><p></p><p>如果你想知道人类目前的状态的话，我们大约处在I型文明的73%左右。在接下来的几百年间，我们应该会达到I型的文明水准。</p><figure><noscript><img src=\"https://pic1.zhimg.com/50/b2d37139a1dd296a69bf7517ba3164f5_b.jpg\" width=\"641\"></noscript><img src=\"https://pic1.zhimg.com/80/b2d37139a1dd296a69bf7517ba3164f5_hd.jpg\" width=\"641\"></figure><p></p><p><b>II</b><b>型文明</b></p><p>II型文明可以使用他们的宿主恒星的所有能源。</p></div></div>', '555341', '1', '2018-09-19 17:28:13');
INSERT INTO `thread` VALUES ('11', '5', '1', 'uid获取测试', '<p>uid获取测试</p>', '43413', '1', '2018-09-20 14:24:24');
INSERT INTO `thread` VALUES ('12', '5', '1', '发帖测试', '<p>发帖测试</p>', '1241514', '1', '2018-09-20 14:27:46');
INSERT INTO `thread` VALUES ('15', '5', '1', '123', '<p>1234</p>', '312331', '1', '2018-09-20 15:03:02');
INSERT INTO `thread` VALUES ('16', '11', '2', '宇宙已经 140 亿岁了，多少文明存在又消亡过，为何没有文明进化到可以星际旅行，通过虫洞找到我们？', '<p>123</p>', '3213', '1', '2018-09-20 16:45:08');
INSERT INTO `thread` VALUES ('17', '5', '3', 'gfdgfdgdsggd', '<p>dgdfgdfgfg<br></p>', '12323', '1', '2018-09-21 17:44:08');
INSERT INTO `thread` VALUES ('18', '5', '1', '测试', '<p>成都市</p>', '1', '1', '2018-09-25 09:56:16');
INSERT INTO `thread` VALUES ('19', '5', '1', '测试回复数', '<p>测试回复数</p>', '100', '1', '2018-09-25 10:22:37');
INSERT INTO `thread` VALUES ('21', '5', '1', '123', '<p>1231414141414</p>', '12', '0', '2018-09-25 14:58:33');
INSERT INTO `thread` VALUES ('22', '5', '1', '123', '<p>1231414141414</p>', '25', '0', '2018-09-25 14:58:38');
INSERT INTO `thread` VALUES ('23', '5', '1', '修改tid=8', '<p>123</p>', '0', '0', '2018-09-28 17:48:51');
INSERT INTO `thread` VALUES ('24', '5', '1', '宇宙已经 140 亿岁了，多少文明存在又消亡过，为何没有文明进化到可以星际旅行，通过虫洞找到我们？', '<p>21323</p>', '0', '0', '2018-09-28 17:58:15');
INSERT INTO `thread` VALUES ('25', '5', '1', '修改tid=8', '<p>21312414</p>', '0', '0', '2018-09-28 17:58:54');

-- ----------------------------
-- Table structure for thumb
-- ----------------------------
DROP TABLE IF EXISTS `thumb`;
CREATE TABLE `thumb` (
  `id` int(10) NOT NULL AUTO_INCREMENT,
  `uid` int(10) DEFAULT NULL,
  `rid` int(10) DEFAULT NULL,
  PRIMARY KEY (`id`),
  KEY `uid` (`uid`),
  KEY `rid` (`rid`),
  CONSTRAINT `thumb_ibfk_1` FOREIGN KEY (`uid`) REFERENCES `user` (`id`),
  CONSTRAINT `thumb_ibfk_2` FOREIGN KEY (`rid`) REFERENCES `reply_thread` (`id`)
) ENGINE=InnoDB AUTO_INCREMENT=164 DEFAULT CHARSET=utf8;

-- ----------------------------
-- Records of thumb
-- ----------------------------
INSERT INTO `thumb` VALUES ('161', '5', '129');

-- ----------------------------
-- Table structure for user
-- ----------------------------
DROP TABLE IF EXISTS `user`;
CREATE TABLE `user` (
  `id` int(6) NOT NULL AUTO_INCREMENT,
  `name` varchar(20) NOT NULL,
  `nickname` varchar(20) DEFAULT NULL,
  `password` varchar(15) NOT NULL,
  `email` varchar(30) NOT NULL,
  `sex` varchar(6) NOT NULL,
  `src` varchar(255) DEFAULT NULL,
  `time` datetime NOT NULL,
  PRIMARY KEY (`id`)
) ENGINE=InnoDB AUTO_INCREMENT=13 DEFAULT CHARSET=utf8;

-- ----------------------------
-- Records of user
-- ----------------------------
INSERT INTO `user` VALUES ('2', '用户01', '用户01昵称', '123', '123@qq.com', '男', null, '2018-09-10 11:26:59');
INSERT INTO `user` VALUES ('4', '佣金01', '佣金01昵称', '123', '1@123', '男', null, '2018-09-17 14:45:21');
INSERT INTO `user` VALUES ('5', '123', '123昵称', '123', '1@123', '男', null, '2018-09-18 10:20:12');
INSERT INTO `user` VALUES ('6', '天上星河', '天上星河昵称', '123', '1@123', '男', null, '2018-09-18 10:54:36');
INSERT INTO `user` VALUES ('7', '1234', '1234昵称', '123', '1@123', '男', null, '2018-09-18 10:55:41');
INSERT INTO `user` VALUES ('11', '12344', '用户6952558', '123', '1@123', '男', 'a', '2018-09-20 16:31:51');
INSERT INTO `user` VALUES ('12', 'admin', '用户1771469', '123', '12@qq.com', '男', 'a', '2018-09-26 09:13:25');
